<?xml version="1.0" encoding="UTF-8" standalone="yes"?>
<addon id="plugin.program.notepad"
       name="Notepad"
       version="1.4.0"
       provider-name="TestTeam">
  <requires>
    <import addon="xbmc.python" version="1.0"/>
  </requires>
  <extension point="xbmc.python.pluginsource" library="addon.py">
    <provides>program</provides>
  </extension>
  <extension point="xbmc.addon.metadata">
    <platform>all</platform>
    <minversion>28764</minversion>
    <summary lang="en">Noptepad</summary>
    <description lang="en">Notepad</description>
	<genre>other</other>
  </extension>
</addon>