<?xml version="1.0" encoding="UTF-8" standalone="yes"?>
<addon id="plugin.video.palcotv"
	name="palcoTV" version="0.2.7" provider-name="juarrox [juarrox@gmail.com]">
  <requires>
    <import addon="xbmc.python" version="2.1.0"/>
    <import addon="plugin.video.youtube" version="3.0.0"/>
  </requires>
  <extension point="xbmc.python.pluginsource" library="default.py">
    <provides>video</provides>
  </extension>
  <extension point="xbmc.addon.metadata">
    <summary lang="en">palcoTV</summary>
    <description lang="en">Biblioteca de listas XML, M3U y PLX de canales de TV de usuarios de la comunidad XBMC. Más información en [COLOR lightyellow] http://palcotv.blogspot.com.es [/COLOR]. Que lo disfrutes! ;)</description>
	<website>http://palcotv.blogspot.com.es</website>
	<license>GPL 2.0</license>
    <platform>all</platform>
	<genre>sports,livetv</genre>
  </extension>
</addon>
