<?xml version="1.0" encoding="UTF-8" standalone="yes"?>
<addon id="plugin.video.reality"
       name="Reality Lapse"
       version="1.0"
       provider-name="Voinage">
  <requires>
    <import addon="xbmc.python" version="1.0"/>
    
  </requires>
  <extension point="xbmc.python.pluginsource"
            library="default.py">
        <provides>video</provides>
  </extension>
  <extension point="xbmc.addon.metadata">
    <platform>all</platform>
    <summary>Anime video plugin</summary>
    <description>Reality Lapse provides anime from a huge back catalogue.</description>
	<genre>anime</genre>
  </extension>
</addon>
