<?xml version="1.0" encoding="UTF-8" standalone="yes"?>
<addon id="repository.jas0nPC.original" name="Jas0nPC`s Original REPO" version="1.5" provider-name="Jas0nPC">
	<extension point="xbmc.addon.repository" name="Jas0nPC`s Original Repository">
        <info compressed="false">https://raw.githubusercontent.com/jas0npc/jas0npc/master/addons.xml</info>
		<checksum>https://raw.githubusercontent.com/jas0npc/jas0npc/master/addons.xml.md5</checksum>
		<datadir zip="true">https://raw.github.com/jas0npc/jas0npc/master/zips/</datadir>
    </extension>
	<extension point="xbmc.addon.metadata">
		<summary>Install MY Addons</summary>
		<description>Download and install addons from Jas0nPC`s Repo. Please note Jas0nPC has now left the XBMC scene and these are no longer maintained</description>
		<platform>all</platform>
	</extension>
</addon>